INSERT INTO vendors (vendor_id, vendor_name, region, rating) VALUES
(1, 'SweetTreats Co.', 'TX', 5),
(2, 'CandyWorld Distributors', 'CA', 4),
(3, 'DailySnacks Corp.', 'NY', 4),
(4, 'Global Goods LLC', 'FL', 3),
(5, 'Prime Confectionery', 'TX', 5),
(6, 'MegaMart Suppliers', 'GA', 4),
(7, 'Urban Foods Inc.', 'IL', 3),
(8, 'FreshBite Distributors', 'WA', 4),
(9, 'SnackHub Wholesale', 'TX', 5),
(10, 'Golden Harvest Retail', 'CA', 4);


INSERT INTO products (product_id, product_name, category, cost_price, selling_price, vendor_id) VALUES
(101, 'Choco Bites', 'Candy', 0.50, 1.00, 1),
(102, 'Minty Fresh Gum', 'Gum', 0.30, 0.75, 2),
(103, 'Sour Strips', 'Candy', 0.45, 1.25, 3),
(104, 'Potato Chips', 'Snacks', 0.80, 1.50, 4),
(105, 'Trail Mix', 'Snacks', 1.10, 2.25, 5),
(106, 'Fruit Gummies', 'Candy', 0.40, 1.00, 6),
(107, 'Protein Bar', 'Health', 1.20, 2.50, 7),
(108, 'Energy Drink', 'Beverages', 1.50, 3.00, 8),
(109, 'Soda Can', 'Beverages', 0.60, 1.25, 9),
(110, 'Sparkling Water', 'Beverages', 0.65, 1.50, 10);



INSERT INTO inventory (product_id, stock_on_hand, reorder_level, last_restock_date) VALUES
(101, 150, 50, '2024-12-28'),
(102, 80, 30, '2024-12-26'),
(103, 200, 75, '2024-12-20'),
(104, 120, 40, '2024-12-22'),
(105, 60, 25, '2024-12-18'),
(106, 90, 40, '2024-12-21'),
(107, 45, 20, '2024-12-15'),
(108, 70, 30, '2024-12-27'),
(109, 95, 35, '2024-12-29'),
(110, 110, 45, '2024-12-19');


INSERT INTO purchase_orders (po_id, product_id, vendor_id, po_date, quantity_ordered, unit_cost, expected_delivery_date) VALUES
(1001, 101, 1, '2024-12-01', 500, 0.50, '2024-12-05'),
(1002, 103, 3, '2024-12-03', 300, 0.45, '2024-12-07'),
(1003, 108, 8, '2024-12-10', 200, 1.50, '2024-12-14'),
(1004, 104, 4, '2024-12-12', 400, 0.80, '2024-12-17'),
(1005, 105, 5, '2024-12-15', 250, 1.10, '2024-12-20'),
(1006, 107, 7, '2024-12-18', 150, 1.20, '2024-12-24'),
(1007, 109, 9, '2024-12-21', 500, 0.60, '2024-12-26'),
(1008, 102, 2, '2024-12-22', 350, 0.30, '2024-12-27'),
(1009, 110, 10, '2024-12-24', 300, 0.65, '2024-12-29'),
(1010, 106, 6, '2024-12-25', 200, 0.40, '2024-12-31');


-- Sales Data: 1000 randomized rows (SQL Server)
INSERT INTO sales (sale_id, product_id, sale_date, quantity, unit_price) VALUES
(1, 107, '2023-06-14', 6, 2.50),
(2, 101, '2024-05-30', 3, 1.00),
(3, 108, '2024-09-29', 8, 3.00),
(4, 110, '2023-12-11', 3, 1.50),
(5, 107, '2023-12-07', 4, 2.50),
(6, 107, '2024-02-26', 1, 2.50),
(7, 110, '2024-08-13', 9, 1.50),
(8, 107, '2024-08-28', 6, 2.50),
(9, 101, '2023-11-18', 1, 1.00),
(10, 103, '2023-02-17', 3, 1.25),
(11, 103, '2023-03-31', 6, 1.25),
(12, 104, '2024-10-23', 5, 1.50),
(13, 107, '2023-05-31', 5, 2.50),
(14, 104, '2024-08-13', 7, 1.50),
(15, 103, '2023-07-15', 3, 1.25),
(16, 105, '2023-08-18', 10, 2.25),
(17, 103, '2023-03-21', 8, 1.25),
(18, 102, '2024-04-13', 5, 0.75),
(19, 106, '2023-06-10', 7, 1.00),
(20, 110, '2024-06-23', 5, 1.50),
(21, 105, '2023-06-26', 6, 2.25),
(22, 108, '2024-07-18', 8, 3.00),
(23, 102, '2024-04-27', 6, 0.75),
(24, 101, '2024-03-23', 1, 1.00),
(25, 108, '2024-11-09', 12, 3.00),
(26, 107, '2024-10-20', 8, 2.50),
(27, 108, '2024-05-28', 11, 3.00),
(28, 104, '2024-11-08', 4, 1.50),
(29, 110, '2024-02-21', 9, 1.50),
(30, 101, '2024-08-09', 2, 1.00),
(31, 101, '2023-04-01', 3, 1.00),
(32, 108, '2023-01-16', 7, 3.00),
(33, 108, '2023-03-20', 6, 3.00),
(34, 107, '2023-05-11', 5, 2.50),
(35, 110, '2024-08-24', 6, 1.50),
(36, 102, '2024-01-03', 2, 0.75),
(37, 109, '2024-07-14', 11, 1.25),
(38, 102, '2023-03-02', 5, 0.75),
(39, 101, '2023-12-18', 6, 1.00),
(40, 106, '2024-10-30', 6, 1.00),
(41, 105, '2024-05-08', 11, 2.25),
(42, 110, '2023-03-28', 3, 1.50),
(43, 108, '2023-05-04', 9, 3.00),
(44, 110, '2024-09-09', 10, 1.50),
(45, 107, '2023-01-28', 7, 2.50),
(46, 103, '2023-06-02', 1, 1.25),
(47, 103, '2023-06-09', 2, 1.25),
(48, 104, '2023-08-05', 6, 1.50),
(49, 109, '2024-11-02', 11, 1.25),
(50, 108, '2024-06-26', 6, 3.00),
(51, 106, '2024-10-05', 6, 1.00),
(52, 102, '2024-10-09', 8, 0.75),
(53, 109, '2023-05-02', 6, 1.25),
(54, 104, '2024-10-04', 10, 1.50),
(55, 102, '2023-05-02', 7, 0.75),
(56, 109, '2023-02-15', 4, 1.25),
(57, 105, '2024-01-21', 10, 2.25),
(58, 107, '2024-01-16', 4, 2.50),
(59, 105, '2024-09-21', 8, 2.25),
(60, 106, '2024-06-11', 1, 1.00),
(61, 109, '2023-07-22', 7, 1.25),
(62, 105, '2023-05-07', 5, 2.25),
(63, 102, '2024-08-09', 4, 0.75),
(64, 104, '2023-03-18', 6, 1.50),
(65, 103, '2024-10-24', 6, 1.25),
(66, 110, '2024-08-23', 7, 1.50),
(67, 110, '2024-12-20', 3, 1.50),
(68, 109, '2023-06-17', 6, 1.25),
(69, 110, '2023-11-16', 12, 1.50),
(70, 107, '2024-01-18', 2, 2.50),
(71, 107, '2024-12-05', 7, 2.50),
(72, 108, '2024-10-29', 9, 3.00),
(73, 105, '2023-04-20', 5, 2.25),
(74, 107, '2024-09-05', 5, 2.50),
(75, 109, '2023-05-19', 4, 1.25),
(76, 104, '2023-04-09', 7, 1.50),
(77, 109, '2023-01-17', 7, 1.25),
(78, 102, '2024-01-30', 7, 0.75),
(79, 109, '2023-04-09', 12, 1.25),
(80, 109, '2024-03-30', 5, 1.25),
(81, 107, '2023-09-10', 5, 2.50),
(82, 104, '2023-10-17', 6, 1.50),
(83, 108, '2023-12-04', 12, 3.00),
(84, 105, '2023-12-20', 10, 2.25),
(85, 107, '2023-04-06', 7, 2.50),
(86, 108, '2024-07-15', 5, 3.00),
(87, 101, '2023-09-18', 7, 1.00),
(88, 110, '2024-07-05', 5, 1.50),
(89, 109, '2024-03-02', 7, 1.25),
(90, 108, '2024-01-19', 10, 3.00),
(91, 107, '2024-12-25', 6, 2.50),
(92, 108, '2024-03-18', 8, 3.00),
(93, 102, '2023-03-22', 8, 0.75),
(94, 103, '2023-07-22', 5, 1.25),
(95, 101, '2023-08-11', 5, 1.00),
(96, 105, '2023-07-21', 1, 2.25),
(97, 105, '2024-10-10', 5, 2.25),
(98, 105, '2023-06-01', 9, 2.25),
(99, 106, '2023-01-17', 3, 1.00),
(100, 106, '2024-11-02', 4, 1.00),
(101, 107, '2023-05-22', 5, 2.50),
(102, 105, '2023-10-09', 4, 2.25),
(103, 110, '2023-05-06', 10, 1.50),
(104, 108, '2023-08-13', 2, 3.00),
(105, 103, '2023-11-28', 2, 1.25),
(106, 109, '2024-02-28', 9, 1.25),
(107, 103, '2023-06-22', 4, 1.25),
(108, 105, '2024-01-18', 9, 2.25),
(109, 110, '2024-12-06', 6, 1.50),
(110, 104, '2023-06-16', 5, 1.50),
(111, 108, '2023-12-26', 4, 3.00),
(112, 107, '2023-04-11', 7, 2.50),
(113, 106, '2024-03-29', 2, 1.00),
(114, 102, '2023-02-26', 6, 0.75),
(115, 104, '2024-10-30', 6, 1.50),
(116, 102, '2023-03-26', 7, 0.75),
(117, 108, '2024-06-07', 4, 3.00),
(118, 106, '2023-02-24', 1, 1.00),
(119, 103, '2024-09-03', 7, 1.25),
(120, 104, '2023-08-09', 10, 1.50),
(121, 105, '2023-03-21', 1, 2.25),
(122, 110, '2023-05-05', 9, 1.50),
(123, 106, '2024-05-12', 6, 1.00),
(124, 101, '2024-06-09', 4, 1.00),
(125, 109, '2024-12-30', 9, 1.25),
(126, 108, '2024-11-11', 2, 3.00),
(127, 108, '2024-10-05', 7, 3.00),
(128, 109, '2024-06-27', 11, 1.25),
(129, 107, '2023-05-10', 3, 2.50),
(130, 110, '2024-06-01', 5, 1.50),
(131, 107, '2023-08-28', 3, 2.50),
(132, 104, '2023-09-30', 6, 1.50),
(133, 108, '2023-05-19', 8, 3.00),
(134, 110, '2024-10-02', 6, 1.50),
(135, 106, '2023-07-11', 7, 1.00),
(136, 109, '2024-08-05', 6, 1.25),
(137, 109, '2023-07-24', 9, 1.25),
(138, 108, '2023-04-23', 9, 3.00),
(139, 105, '2023-06-03', 7, 2.25),
(140, 104, '2023-09-12', 5, 1.50),
(141, 108, '2024-06-12', 6, 3.00),
(142, 107, '2024-07-23', 5, 2.50),
(143, 101, '2024-08-19', 8, 1.00),
(144, 105, '2023-07-07', 6, 2.25),
(145, 105, '2023-05-19', 9, 2.25),
(146, 110, '2024-11-07', 8, 1.50),
(147, 105, '2024-06-09', 3, 2.25),
(148, 107, '2024-10-30', 3, 2.50),
(149, 101, '2024-03-24', 8, 1.00),
(150, 109, '2024-08-16', 5, 1.25),
(151, 110, '2024-11-08', 4, 1.50),
(152, 107, '2024-04-26', 5, 2.50),
(153, 110, '2024-02-24', 9, 1.50),
(154, 101, '2023-11-13', 8, 1.00),
(155, 107, '2024-08-14', 5, 2.50),
(156, 105, '2023-09-26', 9, 2.25),
(157, 106, '2024-09-16', 3, 1.00),
(158, 102, '2024-03-05', 4, 0.75),
(159, 110, '2024-01-04', 10, 1.50),
(160, 101, '2023-09-29', 7, 1.00),
(161, 105, '2023-04-28', 1, 2.25),
(162, 105, '2023-08-10', 8, 2.25),
(163, 107, '2024-06-27', 5, 2.50),
(164, 107, '2023-12-15', 8, 2.50),
(165, 106, '2023-03-23', 8, 1.00),
(166, 102, '2024-04-22', 7, 0.75),
(167, 105, '2023-01-31', 8, 2.25),
(168, 107, '2024-11-17', 4, 2.50),
(169, 104, '2024-02-11', 7, 1.50),
(170, 103, '2023-03-03', 7, 1.25),
(171, 108, '2023-12-24', 8, 3.00),
(172, 109, '2023-02-05', 10, 1.25),
(173, 110, '2024-03-31', 5, 1.50),
(174, 108, '2023-09-22', 2, 3.00),
(175, 108, '2024-01-12', 3, 3.00),
(176, 101, '2024-12-15', 2, 1.00),
(177, 108, '2024-01-13', 8, 3.00),
(178, 108, '2023-12-07', 8, 3.00),
(179, 107, '2023-02-24', 4, 2.50),
(180, 109, '2023-05-01', 8, 1.25),
(181, 102, '2023-02-09', 3, 0.75),
(182, 109, '2024-03-31', 11, 1.25),
(183, 102, '2023-08-20', 7, 0.75),
(184, 103, '2024-04-01', 8, 1.25),
(185, 104, '2023-07-05', 6, 1.50),
(186, 107, '2024-03-10', 8, 2.50),
(187, 102, '2024-05-19', 4, 0.75),
(188, 107, '2023-11-22', 4, 2.50),
(189, 107, '2023-09-25', 6, 2.50),
(190, 109, '2024-02-29', 9, 1.25),
(191, 108, '2024-08-23', 7, 3.00),
(192, 105, '2023-03-14', 6, 2.25),
(193, 101, '2024-05-25', 5, 1.00),
(194, 108, '2024-02-21', 7, 3.00),
(195, 106, '2024-04-06', 1, 1.00),
(196, 105, '2023-01-08', 4, 2.25),
(197, 109, '2023-07-18', 3, 1.25),
(198, 101, '2023-06-03', 1, 1.00),
(199, 108, '2024-04-07', 13, 3.00),
(200, 106, '2023-09-30', 3, 1.00),
(201, 107, '2024-05-06', 6, 2.50),
(202, 104, '2023-10-24', 8, 1.50),
(203, 106, '2023-09-18', 1, 1.00),
(204, 101, '2024-05-15', 8, 1.00),
(205, 108, '2023-10-21', 2, 3.00),
(206, 110, '2023-04-15', 11, 1.50),
(207, 102, '2023-12-19', 3, 0.75),
(208, 109, '2023-03-01', 10, 1.25),
(209, 103, '2024-05-27', 5, 1.25),
(210, 102, '2023-11-27', 2, 0.75),
(211, 102, '2024-01-19', 5, 0.75),
(212, 110, '2024-04-16', 7, 1.50),
(213, 104, '2024-05-02', 8, 1.50),
(214, 107, '2023-10-30', 7, 2.50),
(215, 105, '2024-09-15', 7, 2.25),
(216, 102, '2024-02-02', 7, 0.75),
(217, 104, '2024-04-23', 9, 1.50),
(218, 103, '2024-09-20', 3, 1.25),
(219, 109, '2024-04-22', 8, 1.25),
(220, 108, '2023-10-17', 4, 3.00),
(221, 109, '2024-11-30', 4, 1.25),
(222, 106, '2024-09-06', 5, 1.00),
(223, 102, '2024-05-04', 5, 0.75),
(224, 103, '2023-04-24', 3, 1.25),
(225, 107, '2024-01-03', 4, 2.50),
(226, 104, '2024-01-21', 3, 1.50),
(227, 106, '2024-12-26', 8, 1.00),
(228, 109, '2023-10-23', 13, 1.25),
(229, 103, '2024-10-18', 1, 1.25),
(230, 110, '2024-03-16', 13, 1.50),
(231, 109, '2024-10-12', 10, 1.25),
(232, 104, '2024-02-28', 5, 1.50),
(233, 108, '2023-06-21', 9, 3.00),
(234, 104, '2023-09-12', 5, 1.50),
(235, 109, '2023-12-11', 9, 1.25),
(236, 105, '2024-11-28', 8, 2.25),
(237, 110, '2023-03-25', 7, 1.50),
(238, 110, '2023-02-20', 3, 1.50),
(239, 102, '2023-10-06', 5, 0.75),
(240, 110, '2024-01-17', 7, 1.50),
(241, 105, '2023-01-18', 7, 2.25),
(242, 105, '2023-06-27', 7, 2.25),
(243, 104, '2024-03-18', 1, 1.50),
(244, 108, '2024-12-02', 8, 3.00),
(245, 107, '2024-01-15', 5, 2.50),
(246, 110, '2023-06-15', 6, 1.50),
(247, 104, '2024-07-23', 5, 1.50),
(248, 107, '2023-05-26', 5, 2.50),
(249, 103, '2023-05-15', 1, 1.25),
(250, 105, '2024-01-13', 10, 2.25),
(251, 104, '2024-07-31', 6, 1.50),
(252, 102, '2023-10-20', 2, 0.75),
(253, 107, '2023-10-17', 8, 2.50),
(254, 110, '2024-06-08', 7, 1.50),
(255, 109, '2023-05-21', 9, 1.25),
(256, 105, '2023-05-08', 8, 2.25),
(257, 104, '2024-05-10', 8, 1.50),
(258, 108, '2023-02-27', 4, 3.00),
(259, 105, '2023-03-14', 10, 2.25),
(260, 110, '2023-05-16', 10, 1.50),
(261, 109, '2024-06-15', 6, 1.25),
(262, 101, '2024-09-05', 5, 1.00),
(263, 105, '2023-10-15', 9, 2.25),
(264, 101, '2024-12-28', 1, 1.00),
(265, 108, '2023-05-10', 4, 3.00),
(266, 108, '2023-05-07', 6, 3.00),
(267, 104, '2024-08-27', 6, 1.50),
(268, 108, '2023-06-29', 4, 3.00),
(269, 101, '2023-06-19', 2, 1.00),
(270, 110, '2024-04-19', 7, 1.50),
(271, 103, '2023-07-24', 3, 1.25),
(272, 105, '2024-04-12', 8, 2.25),
(273, 107, '2024-07-08', 2, 2.50),
(274, 109, '2023-03-19', 7, 1.25),
(275, 110, '2023-02-22', 3, 1.50),
(276, 105, '2024-03-20', 3, 2.25),
(277, 108, '2023-07-25', 1, 3.00),
(278, 102, '2023-05-31', 6, 0.75),
(279, 103, '2023-09-13', 7, 1.25),
(280, 104, '2024-07-12', 4, 1.50),
(281, 110, '2024-07-28', 11, 1.50),
(282, 107, '2024-02-23', 7, 2.50),
(283, 107, '2024-04-15', 6, 2.50),
(284, 109, '2024-07-25', 9, 1.25),
(285, 102, '2024-05-09', 2, 0.75),
(286, 105, '2023-09-15', 3, 2.25),
(287, 105, '2024-10-26', 4, 2.25),
(288, 106, '2024-08-12', 1, 1.00),
(289, 103, '2024-10-21', 1, 1.25),
(290, 110, '2023-03-26', 5, 1.50),
(291, 107, '2024-04-03', 6, 2.50),
(292, 102, '2023-01-03', 8, 0.75),
(293, 103, '2024-11-12', 1, 1.25),
(294, 102, '2023-04-21', 2, 0.75),
(295, 108, '2024-05-11', 6, 3.00),
(296, 108, '2023-01-13', 11, 3.00),
(297, 107, '2023-05-31', 3, 2.50),
(298, 107, '2023-12-12', 8, 2.50),
(299, 104, '2023-02-24', 3, 1.50),
(300, 109, '2024-12-29', 5, 1.25),
(301, 105, '2024-05-30', 6, 2.25),
(302, 106, '2024-07-09', 6, 1.00),
(303, 110, '2023-06-12', 4, 1.50),
(304, 110, '2024-11-24', 11, 1.50),
(305, 110, '2023-01-24', 5, 1.50),
(306, 109, '2024-02-25', 5, 1.25),
(307, 105, '2023-02-28', 8, 2.25),
(308, 105, '2023-03-06', 4, 2.25),
(309, 110, '2023-12-19', 8, 1.50),
(310, 104, '2024-07-01', 5, 1.50),
(311, 107, '2023-11-12', 6, 2.50),
(312, 108, '2023-07-15', 10, 3.00),
(313, 109, '2023-04-07', 3, 1.25),
(314, 104, '2023-02-01', 8, 1.50),
(315, 106, '2023-11-16', 1, 1.00),
(316, 103, '2024-06-08', 6, 1.25),
(317, 102, '2023-08-04', 4, 0.75),
(318, 108, '2024-10-31', 6, 3.00),
(319, 109, '2023-07-06', 5, 1.25),
(320, 109, '2023-08-05', 6, 1.25),
(321, 107, '2024-05-24', 2, 2.50),
(322, 110, '2024-10-25', 8, 1.50),
(323, 108, '2023-10-17', 4, 3.00),
(324, 107, '2023-03-25', 6, 2.50),
(325, 104, '2024-08-02', 6, 1.50),
(326, 109, '2023-12-06', 7, 1.25),
(327, 105, '2024-08-07', 7, 2.25),
(328, 109, '2023-11-06', 7, 1.25),
(329, 109, '2024-04-02', 6, 1.25),
(330, 109, '2023-12-13', 9, 1.25),
(331, 108, '2024-09-09', 7, 3.00),
(332, 101, '2024-03-17', 6, 1.00),
(333, 101, '2023-03-08', 8, 1.00),
(334, 104, '2023-12-24', 2, 1.50),
(335, 108, '2024-05-15', 6, 3.00),
(336, 109, '2024-07-24', 4, 1.25),
(337, 108, '2023-06-17', 6, 3.00),
(338, 108, '2024-02-29', 9, 3.00),
(339, 110, '2024-07-21', 6, 1.50),
(340, 101, '2024-01-25', 6, 1.00),
(341, 101, '2023-09-02', 6, 1.00),
(342, 104, '2023-03-16', 2, 1.50),
(343, 110, '2023-05-06', 9, 1.50),
(344, 107, '2023-08-25', 5, 2.50),
(345, 110, '2023-12-01', 13, 1.50),
(346, 106, '2024-11-09', 2, 1.00),
(347, 110, '2024-06-21', 10, 1.50),
(348, 109, '2023-04-29', 7, 1.25),
(349, 102, '2023-06-21', 1, 0.75),
(350, 109, '2023-01-27', 4, 1.25),
(351, 110, '2023-01-07', 9, 1.50),
(352, 108, '2024-08-17', 2, 3.00),
(353, 106, '2023-12-13', 8, 1.00),
(354, 108, '2024-03-20', 9, 3.00),
(355, 110, '2024-04-14', 5, 1.50),
(356, 108, '2024-04-10', 10, 3.00),
(357, 105, '2023-11-09', 1, 2.25),
(358, 109, '2024-01-15', 8, 1.25),
(359, 103, '2023-03-20', 8, 1.25),
(360, 110, '2024-09-27', 5, 1.50),
(361, 103, '2024-02-01', 4, 1.25),
(362, 104, '2023-01-26', 3, 1.50),
(363, 110, '2023-07-03', 9, 1.50),
(364, 110, '2023-11-23', 9, 1.50),
(365, 105, '2024-02-04', 7, 2.25),
(366, 103, '2024-11-02', 4, 1.25),
(367, 110, '2024-02-25', 5, 1.50),
(368, 101, '2024-03-12', 6, 1.00),
(369, 107, '2023-04-27', 3, 2.50),
(370, 103, '2024-09-13', 6, 1.25),
(371, 110, '2023-12-22', 3, 1.50),
(372, 101, '2023-01-27', 4, 1.00),
(373, 102, '2023-08-12', 2, 0.75),
(374, 104, '2023-07-26', 2, 1.50),
(375, 109, '2023-08-27', 5, 1.25),
(376, 103, '2023-11-11', 4, 1.25),
(377, 108, '2023-12-18', 7, 3.00),
(378, 105, '2024-04-28', 5, 2.25),
(379, 109, '2023-03-16', 7, 1.25),
(380, 102, '2024-07-01', 3, 0.75),
(381, 110, '2024-07-27', 8, 1.50),
(382, 102, '2024-05-12', 6, 0.75),
(383, 105, '2023-06-18', 6, 2.25),
(384, 110, '2023-05-27', 10, 1.50),
(385, 103, '2023-01-01', 8, 1.25),
(386, 107, '2023-05-23', 5, 2.50),
(387, 107, '2023-02-11', 2, 2.50),
(388, 107, '2023-12-11', 6, 2.50),
(389, 106, '2023-11-10', 5, 1.00),
(390, 110, '2023-02-18', 7, 1.50),
(391, 107, '2024-12-24', 2, 2.50),
(392, 105, '2023-10-15', 5, 2.25),
(393, 108, '2024-06-24', 6, 3.00),
(394, 105, '2024-09-15', 6, 2.25),
(395, 101, '2023-12-24', 8, 1.00),
(396, 109, '2024-03-06', 9, 1.25),
(397, 107, '2024-09-02', 7, 2.50),
(398, 104, '2024-12-21', 6, 1.50),
(399, 110, '2024-01-24', 5, 1.50),
(400, 102, '2024-05-30', 1, 0.75),
(401, 103, '2024-05-08', 6, 1.25),
(402, 109, '2023-03-01', 9, 1.25),
(403, 108, '2023-09-26', 4, 3.00),
(404, 105, '2024-07-10', 4, 2.25),
(405, 107, '2024-04-08', 8, 2.50),
(406, 108, '2023-07-18', 12, 3.00),
(407, 104, '2024-12-21', 8, 1.50),
(408, 109, '2024-09-20', 11, 1.25),
(409, 107, '2023-05-28', 2, 2.50),
(410, 107, '2024-12-16', 2, 2.50),
(411, 106, '2023-06-18', 5, 1.00),
(412, 105, '2024-10-11', 7, 2.25),
(413, 110, '2023-11-18', 9, 1.50),
(414, 103, '2024-09-18', 2, 1.25),
(415, 110, '2023-12-06', 7, 1.50),
(416, 107, '2024-04-04', 6, 2.50),
(417, 108, '2023-03-04', 8, 3.00),
(418, 107, '2023-12-31', 1, 2.50),
(419, 101, '2024-05-25', 1, 1.00),
(420, 102, '2023-12-23', 1, 0.75),
(421, 104, '2024-05-22', 9, 1.50),
(422, 107, '2024-07-31', 4, 2.50),
(423, 105, '2023-02-25', 3, 2.25),
(424, 110, '2023-05-02', 6, 1.50),
(425, 104, '2024-10-18', 2, 1.50),
(426, 110, '2024-11-04', 11, 1.50),
(427, 110, '2024-07-29', 7, 1.50),
(428, 107, '2023-09-26', 3, 2.50),
(429, 110, '2024-03-31', 5, 1.50),
(430, 107, '2023-02-26', 6, 2.50),
(431, 109, '2023-11-07', 8, 1.25),
(432, 101, '2024-09-03', 6, 1.00),
(433, 107, '2023-11-17', 5, 2.50),
(434, 109, '2024-02-03', 4, 1.25),
(435, 104, '2024-07-14', 2, 1.50),
(436, 109, '2024-12-29', 4, 1.25),
(437, 106, '2023-09-29', 5, 1.00),
(438, 110, '2024-03-21', 11, 1.50),
(439, 106, '2024-10-14', 2, 1.00),
(440, 103, '2024-01-10', 7, 1.25),
(441, 104, '2023-12-13', 2, 1.50),
(442, 109, '2023-05-12', 9, 1.25),
(443, 103, '2024-03-02', 4, 1.25),
(444, 102, '2024-05-10', 8, 0.75),
(445, 101, '2023-03-11', 3, 1.00),
(446, 107, '2024-11-24', 1, 2.50),
(447, 105, '2024-08-29', 6, 2.25),
(448, 108, '2024-07-24', 9, 3.00),
(449, 104, '2024-12-18', 9, 1.50),
(450, 105, '2023-09-07', 2, 2.25),
(451, 108, '2024-01-03', 8, 3.00),
(452, 109, '2023-04-10', 5, 1.25),
(453, 104, '2023-07-30', 2, 1.50),
(454, 109, '2024-01-02', 11, 1.25),
(455, 106, '2023-01-31', 3, 1.00),
(456, 103, '2024-07-13', 2, 1.25),
(457, 104, '2024-09-07', 5, 1.50),
(458, 102, '2024-04-28', 6, 0.75),
(459, 102, '2024-02-04', 3, 0.75),
(460, 101, '2024-08-16', 7, 1.00),
(461, 107, '2024-09-02', 3, 2.50),
(462, 103, '2023-06-09', 8, 1.25),
(463, 108, '2024-08-21', 5, 3.00),
(464, 106, '2023-12-07', 2, 1.00),
(465, 108, '2024-04-30', 7, 3.00),
(466, 107, '2023-07-27', 1, 2.50),
(467, 108, '2023-12-19', 12, 3.00),
(468, 108, '2024-06-11', 8, 3.00),
(469, 102, '2023-12-19', 5, 0.75),
(470, 102, '2023-10-08', 3, 0.75),
(471, 107, '2024-05-09', 8, 2.50),
(472, 105, '2023-05-02', 11, 2.25),
(473, 105, '2024-03-12', 7, 2.25),
(474, 105, '2023-11-27', 6, 2.25),
(475, 110, '2023-08-05', 9, 1.50),
(476, 103, '2024-10-16', 8, 1.25),
(477, 108, '2023-10-14', 9, 3.00),
(478, 106, '2023-10-14', 7, 1.00),
(479, 107, '2023-08-06', 7, 2.50),
(480, 104, '2023-10-20', 9, 1.50),
(481, 108, '2024-06-15', 2, 3.00),
(482, 108, '2023-10-15', 8, 3.00),
(483, 106, '2023-12-06', 3, 1.00),
(484, 106, '2024-03-24', 8, 1.00),
(485, 105, '2024-01-12', 7, 2.25),
(486, 107, '2023-06-03', 4, 2.50),
(487, 104, '2023-01-06', 7, 1.50),
(488, 101, '2024-05-27', 3, 1.00),
(489, 107, '2023-03-15', 6, 2.50),
(490, 104, '2024-02-15', 7, 1.50),
(491, 107, '2023-08-23', 1, 2.50),
(492, 103, '2024-04-22', 2, 1.25),
(493, 110, '2023-10-02', 5, 1.50),
(494, 108, '2024-12-21', 8, 3.00),
(495, 101, '2023-07-10', 6, 1.00),
(496, 109, '2024-04-06', 6, 1.25),
(497, 110, '2023-12-29', 2, 1.50),
(498, 105, '2023-09-11', 8, 2.25),
(499, 107, '2024-01-05', 6, 2.50),
(500, 106, '2023-05-01', 7, 1.00),
(501, 107, '2024-01-28', 6, 2.50),
(502, 110, '2023-08-22', 7, 1.50),
(503, 101, '2023-05-16', 5, 1.00),
(504, 110, '2023-10-23', 7, 1.50),
(505, 103, '2023-03-04', 8, 1.25),
(506, 104, '2023-05-28', 4, 1.50),
(507, 109, '2024-07-18', 5, 1.25),
(508, 104, '2024-09-21', 8, 1.50),
(509, 102, '2023-05-20', 4, 0.75),
(510, 102, '2024-02-01', 5, 0.75),
(511, 106, '2024-07-17', 3, 1.00),
(512, 110, '2024-11-01', 7, 1.50),
(513, 105, '2023-01-23', 9, 2.25),
(514, 107, '2023-07-29', 1, 2.50),
(515, 109, '2023-09-11', 4, 1.25),
(516, 107, '2024-09-06', 5, 2.50),
(517, 107, '2023-02-11', 2, 2.50),
(518, 108, '2024-02-13', 8, 3.00),
(519, 102, '2023-05-08', 8, 0.75),
(520, 109, '2024-03-29', 5, 1.25),
(521, 101, '2024-05-28', 3, 1.00),
(522, 103, '2023-11-18', 2, 1.25),
(523, 101, '2024-01-21', 1, 1.00),
(524, 108, '2023-06-23', 6, 3.00),
(525, 101, '2023-01-22', 6, 1.00),
(526, 107, '2024-07-29', 8, 2.50),
(527, 109, '2024-06-29', 3, 1.25),
(528, 103, '2023-04-08', 3, 1.25),
(529, 105, '2024-10-02', 5, 2.25),
(530, 104, '2023-04-30', 6, 1.50),
(531, 102, '2023-05-02', 1, 0.75),
(532, 107, '2023-12-16', 2, 2.50),
(533, 107, '2023-01-21', 3, 2.50),
(534, 110, '2023-01-09', 6, 1.50),
(535, 104, '2023-09-20', 4, 1.50),
(536, 110, '2024-10-29', 9, 1.50),
(537, 110, '2023-10-21', 5, 1.50),
(538, 101, '2023-10-09', 7, 1.00),
(539, 102, '2024-04-15', 2, 0.75),
(540, 110, '2023-10-24', 7, 1.50),
(541, 110, '2023-02-07', 6, 1.50),
(542, 108, '2024-12-24', 2, 3.00),
(543, 104, '2023-04-13', 5, 1.50),
(544, 101, '2023-04-06', 2, 1.00),
(545, 105, '2024-12-04', 9, 2.25),
(546, 106, '2024-07-12', 4, 1.00),
(547, 105, '2023-02-13', 2, 2.25),
(548, 103, '2024-05-02', 2, 1.25),
(549, 106, '2024-05-23', 5, 1.00),
(550, 103, '2023-10-21', 4, 1.25),
(551, 102, '2023-12-14', 4, 0.75),
(552, 102, '2023-12-22', 7, 0.75),
(553, 105, '2023-05-24', 3, 2.25),
(554, 105, '2023-02-16', 8, 2.25),
(555, 110, '2023-10-24', 7, 1.50),
(556, 105, '2023-03-29', 7, 2.25),
(557, 107, '2023-03-28', 6, 2.50),
(558, 110, '2024-12-05', 6, 1.50),
(559, 107, '2023-03-12', 1, 2.50),
(560, 103, '2024-04-26', 4, 1.25),
(561, 110, '2023-07-19', 12, 1.50),
(562, 104, '2024-02-25', 6, 1.50),
(563, 106, '2024-02-04', 2, 1.00),
(564, 104, '2024-02-19', 4, 1.50),
(565, 106, '2024-06-17', 5, 1.00),
(566, 108, '2024-08-22', 7, 3.00),
(567, 101, '2024-07-14', 3, 1.00),
(568, 105, '2023-06-03', 6, 2.25),
(569, 107, '2024-01-23', 4, 2.50),
(570, 101, '2023-12-14', 8, 1.00),
(571, 101, '2024-10-30', 7, 1.00),
(572, 102, '2024-06-24', 1, 0.75),
(573, 106, '2023-01-22', 8, 1.00),
(574, 108, '2023-01-12', 6, 3.00),
(575, 104, '2024-07-30', 9, 1.50),
(576, 107, '2023-04-09', 5, 2.50),
(577, 109, '2024-10-11', 5, 1.25),
(578, 103, '2023-10-09', 6, 1.25),
(579, 104, '2023-02-23', 10, 1.50),
(580, 106, '2024-12-14', 5, 1.00),
(581, 104, '2023-07-02', 9, 1.50),
(582, 102, '2024-05-14', 3, 0.75),
(583, 104, '2024-08-31', 3, 1.50),
(584, 108, '2023-08-03', 9, 3.00),
(585, 108, '2024-06-30', 8, 3.00),
(586, 101, '2023-03-15', 2, 1.00),
(587, 103, '2023-09-15', 3, 1.25),
(588, 107, '2023-08-21', 5, 2.50),
(589, 101, '2024-05-03', 3, 1.00),
(590, 109, '2024-09-21', 5, 1.25),
(591, 105, '2024-11-19', 7, 2.25),
(592, 107, '2023-04-01', 5, 2.50),
(593, 108, '2023-02-15', 5, 3.00),
(594, 102, '2024-08-26', 8, 0.75),
(595, 109, '2024-08-02', 8, 1.25),
(596, 109, '2023-04-09', 6, 1.25),
(597, 107, '2023-03-29', 2, 2.50),
(598, 105, '2023-09-08', 3, 2.25),
(599, 103, '2024-07-19', 5, 1.25),
(600, 102, '2024-04-18', 5, 0.75),
(601, 109, '2023-02-06', 8, 1.25),
(602, 107, '2024-03-11', 6, 2.50),
(603, 109, '2024-04-24', 8, 1.25),
(604, 108, '2023-04-30', 4, 3.00),
(605, 107, '2024-07-16', 2, 2.50),
(606, 106, '2023-08-23', 5, 1.00),
(607, 102, '2024-06-10', 2, 0.75),
(608, 101, '2024-05-15', 4, 1.00),
(609, 108, '2024-01-25', 9, 3.00),
(610, 109, '2023-08-06', 10, 1.25),
(611, 109, '2023-06-11', 4, 1.25),
(612, 103, '2024-08-26', 4, 1.25),
(613, 106, '2023-03-05', 8, 1.00),
(614, 108, '2023-06-25', 6, 3.00),
(615, 105, '2023-08-11', 5, 2.25),
(616, 103, '2023-08-31', 2, 1.25),
(617, 107, '2024-04-06', 7, 2.50),
(618, 107, '2024-03-05', 1, 2.50),
(619, 104, '2023-04-06', 8, 1.50),
(620, 107, '2023-04-16', 5, 2.50),
(621, 109, '2024-10-27', 10, 1.25),
(622, 107, '2023-01-10', 3, 2.50),
(623, 101, '2024-10-15', 7, 1.00),
(624, 102, '2023-07-20', 2, 0.75),
(625, 109, '2024-05-10', 5, 1.25),
(626, 107, '2023-11-02', 4, 2.50),
(627, 109, '2024-11-07', 8, 1.25),
(628, 105, '2023-08-15', 8, 2.25),
(629, 102, '2023-01-28', 3, 0.75),
(630, 108, '2024-08-18', 8, 3.00),
(631, 108, '2024-05-29', 6, 3.00),
(632, 101, '2024-07-22', 3, 1.00),
(633, 103, '2023-04-02', 2, 1.25),
(634, 102, '2023-04-23', 7, 0.75),
(635, 105, '2023-07-02', 3, 2.25),
(636, 105, '2024-05-25', 3, 2.25),
(637, 110, '2023-07-07', 6, 1.50),
(638, 103, '2023-11-10', 2, 1.25),
(639, 104, '2024-10-30', 7, 1.50),
(640, 107, '2024-09-20', 1, 2.50),
(641, 105, '2024-03-20', 8, 2.25),
(642, 103, '2024-05-08', 1, 1.25),
(643, 110, '2023-01-15', 10, 1.50),
(644, 105, '2024-05-07', 6, 2.25),
(645, 107, '2024-05-08', 3, 2.50),
(646, 110, '2024-09-13', 1, 1.50),
(647, 109, '2024-11-12', 5, 1.25),
(648, 104, '2024-10-08', 8, 1.50),
(649, 102, '2024-12-21', 7, 0.75),
(650, 102, '2024-12-22', 4, 0.75),
(651, 109, '2023-02-28', 13, 1.25),
(652, 102, '2023-08-31', 8, 0.75),
(653, 107, '2024-07-11', 4, 2.50),
(654, 107, '2023-05-09', 1, 2.50),
(655, 103, '2023-04-25', 6, 1.25),
(656, 103, '2024-01-26', 7, 1.25),
(657, 102, '2023-12-06', 3, 0.75),
(658, 101, '2023-02-21', 7, 1.00),
(659, 105, '2024-04-02', 3, 2.25),
(660, 102, '2024-02-23', 7, 0.75),
(661, 102, '2024-01-18', 1, 0.75),
(662, 106, '2023-12-14', 8, 1.00),
(663, 104, '2024-01-18', 5, 1.50),
(664, 102, '2023-02-18', 6, 0.75),
(665, 101, '2023-06-03', 6, 1.00),
(666, 109, '2024-10-08', 9, 1.25),
(667, 110, '2024-04-27', 7, 1.50),
(668, 110, '2023-03-27', 10, 1.50),
(669, 106, '2023-07-19', 2, 1.00),
(670, 110, '2023-06-25', 4, 1.50),
(671, 107, '2023-11-19', 4, 2.50),
(672, 107, '2024-10-08', 8, 2.50),
(673, 109, '2024-10-01', 7, 1.25),
(674, 103, '2024-09-18', 4, 1.25),
(675, 107, '2023-06-01', 1, 2.50),
(676, 103, '2024-09-21', 3, 1.25),
(677, 107, '2023-10-18', 1, 2.50),
(678, 108, '2023-12-18', 8, 3.00),
(679, 101, '2024-12-17', 2, 1.00),
(680, 109, '2023-08-23', 9, 1.25),
(681, 106, '2024-04-02', 5, 1.00),
(682, 105, '2024-01-21', 7, 2.25),
(683, 104, '2024-04-01', 2, 1.50),
(684, 103, '2024-10-22', 2, 1.25),
(685, 110, '2023-09-07', 11, 1.50),
(686, 105, '2023-01-02', 8, 2.25),
(687, 109, '2024-10-04', 12, 1.25),
(688, 108, '2024-12-28', 6, 3.00),
(689, 103, '2024-03-01', 7, 1.25),
(690, 109, '2023-05-03', 7, 1.25),
(691, 110, '2023-09-16', 5, 1.50),
(692, 109, '2024-06-16', 6, 1.25),
(693, 101, '2023-01-03', 4, 1.00),
(694, 107, '2023-04-26', 4, 2.50),
(695, 105, '2024-05-06', 6, 2.25),
(696, 106, '2023-09-12', 6, 1.00),
(697, 109, '2023-10-17', 5, 1.25),
(698, 102, '2024-10-23', 2, 0.75),
(699, 107, '2023-12-21', 4, 2.50),
(700, 110, '2023-04-21', 9, 1.50),
(701, 102, '2023-03-06', 5, 0.75),
(702, 101, '2024-07-02', 5, 1.00),
(703, 105, '2024-03-20', 8, 2.25),
(704, 101, '2024-10-10', 6, 1.00),
(705, 104, '2024-09-14', 6, 1.50),
(706, 102, '2024-09-18', 1, 0.75),
(707, 105, '2023-01-08', 5, 2.25),
(708, 104, '2024-04-04', 11, 1.50),
(709, 109, '2024-04-21', 8, 1.25),
(710, 101, '2023-07-07', 3, 1.00),
(711, 103, '2024-03-10', 3, 1.25),
(712, 107, '2024-03-05', 6, 2.50),
(713, 105, '2024-09-28', 7, 2.25),
(714, 101, '2023-07-10', 7, 1.00),
(715, 107, '2024-01-28', 3, 2.50),
(716, 105, '2024-12-23', 10, 2.25),
(717, 101, '2024-03-30', 5, 1.00),
(718, 104, '2023-08-29', 6, 1.50),
(719, 104, '2024-03-03', 4, 1.50),
(720, 108, '2024-02-09', 7, 3.00),
(721, 107, '2023-04-17', 8, 2.50),
(722, 102, '2023-03-31', 8, 0.75),
(723, 101, '2023-12-30', 7, 1.00),
(724, 106, '2023-06-10', 1, 1.00),
(725, 110, '2023-01-28', 8, 1.50),
(726, 101, '2024-04-20', 4, 1.00),
(727, 104, '2024-11-25', 8, 1.50),
(728, 103, '2023-10-27', 3, 1.25),
(729, 108, '2023-03-12', 7, 3.00),
(730, 104, '2023-10-12', 7, 1.50),
(731, 109, '2023-08-22', 9, 1.25),
(732, 107, '2023-12-09', 4, 2.50),
(733, 103, '2024-02-03', 5, 1.25),
(734, 104, '2023-03-14', 6, 1.50),
(735, 110, '2024-06-07', 8, 1.50),
(736, 108, '2024-12-24', 5, 3.00),
(737, 109, '2023-11-21', 5, 1.25),
(738, 108, '2024-06-13', 12, 3.00),
(739, 104, '2024-07-25', 5, 1.50),
(740, 103, '2023-11-22', 2, 1.25),
(741, 101, '2024-05-29', 6, 1.00),
(742, 105, '2023-11-27', 9, 2.25),
(743, 110, '2024-09-28', 4, 1.50),
(744, 107, '2024-11-13', 3, 2.50),
(745, 104, '2024-01-27', 5, 1.50),
(746, 105, '2023-09-22', 4, 2.25),
(747, 104, '2024-12-28', 5, 1.50),
(748, 103, '2023-03-07', 3, 1.25),
(749, 105, '2023-10-12', 9, 2.25),
(750, 107, '2024-11-16', 7, 2.50),
(751, 108, '2024-01-26', 1, 3.00),
(752, 102, '2024-03-18', 2, 0.75),
(753, 107, '2023-05-20', 5, 2.50),
(754, 110, '2024-12-13', 6, 1.50),
(755, 103, '2023-05-21', 2, 1.25),
(756, 109, '2023-06-23', 1, 1.25),
(757, 105, '2024-04-07', 7, 2.25),
(758, 106, '2023-04-28', 2, 1.00),
(759, 101, '2023-05-23', 7, 1.00),
(760, 103, '2023-01-16', 7, 1.25),
(761, 106, '2023-10-14', 5, 1.00),
(762, 110, '2024-08-19', 8, 1.50),
(763, 109, '2023-12-07', 10, 1.25),
(764, 107, '2023-02-12', 4, 2.50),
(765, 109, '2024-04-07', 10, 1.25),
(766, 101, '2023-05-12', 8, 1.00),
(767, 108, '2024-09-21', 7, 3.00),
(768, 108, '2023-11-09', 9, 3.00),
(769, 107, '2023-02-03', 8, 2.50),
(770, 107, '2023-02-26', 8, 2.50),
(771, 104, '2024-10-24', 4, 1.50),
(772, 102, '2024-04-16', 3, 0.75),
(773, 109, '2024-10-06', 3, 1.25),
(774, 107, '2024-01-18', 6, 2.50),
(775, 104, '2023-08-12', 5, 1.50),
(776, 105, '2024-05-19', 1, 2.25),
(777, 107, '2024-08-24', 3, 2.50),
(778, 104, '2023-07-25', 4, 1.50),
(779, 108, '2024-08-22', 2, 3.00),
(780, 103, '2024-05-17', 4, 1.25),
(781, 102, '2024-03-18', 7, 0.75),
(782, 106, '2024-10-03', 7, 1.00),
(783, 109, '2024-03-31', 6, 1.25),
(784, 108, '2024-10-26', 7, 3.00),
(785, 110, '2023-04-03', 8, 1.50),
(786, 108, '2024-11-09', 12, 3.00),
(787, 102, '2023-03-07', 5, 0.75),
(788, 110, '2023-12-02', 7, 1.50),
(789, 107, '2024-02-22', 6, 2.50),
(790, 107, '2024-06-28', 3, 2.50),
(791, 101, '2023-01-14', 7, 1.00),
(792, 107, '2024-12-22', 2, 2.50),
(793, 103, '2023-02-08', 5, 1.25),
(794, 105, '2023-01-08', 7, 2.25),
(795, 109, '2024-08-26', 8, 1.25),
(796, 108, '2023-06-06', 10, 3.00),
(797, 103, '2024-04-10', 1, 1.25),
(798, 107, '2023-12-19', 7, 2.50),
(799, 105, '2023-04-21', 8, 2.25),
(800, 101, '2024-03-05', 8, 1.00),
(801, 106, '2024-02-22', 5, 1.00),
(802, 105, '2024-05-10', 6, 2.25),
(803, 107, '2023-12-25', 5, 2.50),
(804, 107, '2024-08-18', 4, 2.50),
(805, 106, '2023-01-15', 8, 1.00),
(806, 110, '2024-11-19', 6, 1.50),
(807, 101, '2023-05-25', 4, 1.00),
(808, 102, '2023-09-01', 4, 0.75),
(809, 104, '2023-07-09', 11, 1.50),
(810, 102, '2023-03-29', 5, 0.75),
(811, 110, '2024-06-08', 4, 1.50),
(812, 106, '2024-10-05', 2, 1.00),
(813, 110, '2023-02-20', 4, 1.50),
(814, 106, '2024-12-11', 1, 1.00),
(815, 104, '2024-04-08', 5, 1.50),
(816, 104, '2023-08-10', 2, 1.50),
(817, 103, '2023-10-24', 5, 1.25),
(818, 104, '2023-11-28', 8, 1.50),
(819, 104, '2023-01-31', 7, 1.50),
(820, 110, '2023-01-16', 9, 1.50),
(821, 107, '2023-04-14', 7, 2.50),
(822, 110, '2023-01-13', 11, 1.50),
(823, 109, '2024-01-09', 9, 1.25),
(824, 105, '2024-05-30', 9, 2.25),
(825, 108, '2023-09-24', 8, 3.00),
(826, 109, '2023-11-06', 3, 1.25),
(827, 104, '2023-10-30', 7, 1.50),
(828, 109, '2023-12-17', 7, 1.25),
(829, 110, '2024-06-01', 5, 1.50),
(830, 104, '2023-08-03', 5, 1.50),
(831, 110, '2024-06-14', 10, 1.50),
(832, 106, '2023-08-20', 3, 1.00),
(833, 105, '2024-01-15', 9, 2.25),
(834, 104, '2023-06-15', 11, 1.50),
(835, 101, '2024-11-03', 2, 1.00),
(836, 107, '2023-07-18', 7, 2.50),
(837, 102, '2023-11-02', 4, 0.75),
(838, 104, '2024-03-23', 6, 1.50),
(839, 107, '2023-06-10', 2, 2.50),
(840, 109, '2023-03-31', 8, 1.25),
(841, 106, '2023-12-04', 6, 1.00),
(842, 106, '2023-11-26', 3, 1.00),
(843, 106, '2024-04-18', 5, 1.00),
(844, 102, '2023-07-28', 7, 0.75),
(845, 104, '2024-06-04', 5, 1.50),
(846, 110, '2023-03-27', 6, 1.50),
(847, 107, '2023-11-22', 3, 2.50),
(848, 102, '2023-09-22', 3, 0.75),
(849, 102, '2024-05-04', 4, 0.75),
(850, 110, '2023-10-24', 11, 1.50),
(851, 107, '2023-12-17', 4, 2.50),
(852, 110, '2023-06-20', 7, 1.50),
(853, 109, '2024-03-19', 6, 1.25),
(854, 108, '2023-03-25', 4, 3.00),
(855, 101, '2024-05-24', 7, 1.00),
(856, 104, '2024-03-10', 2, 1.50),
(857, 108, '2023-03-12', 4, 3.00),
(858, 108, '2024-07-27', 7, 3.00),
(859, 110, '2024-01-18', 8, 1.50),
(860, 105, '2023-06-18', 8, 2.25),
(861, 102, '2024-02-16', 8, 0.75),
(862, 101, '2024-10-22', 3, 1.00),
(863, 110, '2023-08-15', 7, 1.50),
(864, 102, '2024-04-14', 8, 0.75),
(865, 108, '2024-06-13', 3, 3.00),
(866, 105, '2024-01-09', 9, 2.25),
(867, 109, '2024-05-10', 3, 1.25),
(868, 102, '2023-04-07', 8, 0.75),
(869, 107, '2023-10-01', 5, 2.50),
(870, 103, '2024-11-27', 8, 1.25),
(871, 105, '2023-01-22', 6, 2.25),
(872, 101, '2024-08-05', 1, 1.00),
(873, 108, '2024-12-08', 9, 3.00),
(874, 103, '2023-10-04', 4, 1.25),
(875, 110, '2024-03-16', 4, 1.50),
(876, 103, '2024-08-21', 8, 1.25),
(877, 102, '2023-04-25', 6, 0.75),
(878, 107, '2024-01-12', 8, 2.50),
(879, 107, '2023-12-16', 6, 2.50),
(880, 108, '2023-03-03', 6, 3.00),
(881, 109, '2024-07-19', 9, 1.25),
(882, 102, '2023-11-21', 5, 0.75),
(883, 104, '2024-04-02', 3, 1.50),
(884, 103, '2024-05-14', 4, 1.25),
(885, 106, '2023-09-25', 7, 1.00),
(886, 101, '2024-02-26', 5, 1.00),
(887, 110, '2023-07-14', 2, 1.50),
(888, 102, '2024-10-02', 7, 0.75),
(889, 101, '2024-03-30', 1, 1.00),
(890, 103, '2024-11-22', 5, 1.25),
(891, 105, '2024-04-15', 6, 2.25),
(892, 107, '2024-02-01', 5, 2.50),
(893, 110, '2024-02-24', 1, 1.50),
(894, 105, '2023-10-25', 6, 2.25),
(895, 110, '2023-04-28', 12, 1.50),
(896, 109, '2024-06-05', 4, 1.25),
(897, 108, '2023-11-27', 11, 3.00),
(898, 107, '2023-06-09', 4, 2.50),
(899, 106, '2023-07-31', 3, 1.00),
(900, 101, '2024-11-13', 6, 1.00),
(901, 105, '2024-11-22', 2, 2.25),
(902, 103, '2024-12-06', 2, 1.25),
(903, 108, '2024-11-02', 2, 3.00),
(904, 107, '2024-12-20', 1, 2.50),
(905, 108, '2023-10-31', 9, 3.00),
(906, 105, '2024-09-01', 9, 2.25),
(907, 104, '2023-02-09', 7, 1.50),
(908, 104, '2023-05-10', 3, 1.50),
(909, 105, '2023-01-09', 10, 2.25),
(910, 101, '2024-11-27', 6, 1.00),
(911, 110, '2024-08-28', 9, 1.50),
(912, 104, '2023-04-03', 9, 1.50),
(913, 102, '2023-05-14', 1, 0.75),
(914, 101, '2023-03-04', 7, 1.00),
(915, 108, '2024-06-24', 6, 3.00),
(916, 107, '2023-05-28', 6, 2.50),
(917, 109, '2024-08-02', 4, 1.25),
(918, 109, '2024-03-19', 8, 1.25),
(919, 105, '2023-02-12', 7, 2.25),
(920, 102, '2023-01-30', 8, 0.75),
(921, 102, '2024-03-13', 8, 0.75),
(922, 105, '2024-05-20', 10, 2.25),
(923, 103, '2024-05-27', 4, 1.25),
(924, 103, '2024-01-10', 5, 1.25),
(925, 108, '2023-03-22', 8, 3.00),
(926, 107, '2024-06-19', 6, 2.50),
(927, 109, '2023-04-11', 5, 1.25),
(928, 103, '2023-10-07', 3, 1.25),
(929, 108, '2024-11-09', 2, 3.00),
(930, 105, '2024-03-01', 6, 2.25),
(931, 109, '2024-09-12', 8, 1.25),
(932, 106, '2023-02-09', 3, 1.00),
(933, 103, '2023-09-26', 1, 1.25),
(934, 104, '2024-11-14', 7, 1.50),
(935, 104, '2023-01-02', 7, 1.50),
(936, 107, '2024-11-27', 5, 2.50),
(937, 107, '2024-05-21', 3, 2.50),
(938, 108, '2023-12-06', 9, 3.00),
(939, 105, '2024-04-21', 2, 2.25),
(940, 103, '2023-03-14', 1, 1.25),
(941, 105, '2024-05-30', 5, 2.25),
(942, 101, '2024-01-03', 1, 1.00),
(943, 103, '2024-04-12', 2, 1.25),
(944, 103, '2023-07-23', 4, 1.25),
(945, 101, '2023-07-10', 7, 1.00),
(946, 107, '2024-06-06', 6, 2.50),
(947, 104, '2023-08-07', 9, 1.50),
(948, 107, '2024-12-28', 2, 2.50),
(949, 109, '2023-04-12', 1, 1.25),
(950, 109, '2023-09-01', 12, 1.25),
(951, 107, '2023-07-11', 7, 2.50),
(952, 107, '2024-08-05', 1, 2.50),
(953, 105, '2024-06-13', 8, 2.25),
(954, 107, '2023-06-07', 7, 2.50),
(955, 110, '2023-11-29', 10, 1.50),
(956, 108, '2023-06-21', 3, 3.00),
(957, 109, '2023-06-20', 12, 1.25),
(958, 105, '2024-10-20', 2, 2.25),
(959, 105, '2024-12-13', 3, 2.25),
(960, 104, '2024-06-21', 8, 1.50),
(961, 109, '2024-12-11', 9, 1.25),
(962, 107, '2023-09-20', 7, 2.50),
(963, 103, '2024-04-03', 3, 1.25),
(964, 108, '2023-05-15', 6, 3.00),
(965, 104, '2024-09-17', 8, 1.50),
(966, 104, '2024-04-03', 6, 1.50),
(967, 109, '2023-11-01', 7, 1.25),
(968, 105, '2024-07-03', 11, 2.25),
(969, 109, '2023-08-19', 10, 1.25),
(970, 108, '2023-12-03', 2, 3.00),
(971, 106, '2023-07-02', 7, 1.00),
(972, 102, '2023-05-03', 4, 0.75),
(973, 101, '2024-07-06', 2, 1.00),
(974, 105, '2023-06-07', 5, 2.25),
(975, 107, '2024-04-23', 1, 2.50),
(976, 109, '2024-03-18', 7, 1.25),
(977, 108, '2023-05-24', 13, 3.00),
(978, 107, '2023-09-13', 8, 2.50),
(979, 109, '2024-03-23', 9, 1.25),
(980, 109, '2024-11-18', 8, 1.25),
(981, 102, '2024-01-31', 3, 0.75),
(982, 109, '2024-01-19', 6, 1.25),
(983, 108, '2024-04-29', 3, 3.00),
(984, 107, '2023-02-17', 1, 2.50),
(985, 102, '2024-06-29', 8, 0.75),
(986, 108, '2023-06-10', 8, 3.00),
(987, 102, '2024-03-05', 3, 0.75),
(988, 110, '2023-02-14', 2, 1.50),
(989, 106, '2023-11-10', 6, 1.00),
(990, 105, '2024-09-04', 4, 2.25),
(991, 106, '2024-01-11', 7, 1.00),
(992, 101, '2024-06-26', 4, 1.00),
(993, 103, '2023-11-11', 8, 1.25),
(994, 106, '2023-12-01', 6, 1.00),
(995, 104, '2024-04-28', 3, 1.50),
(996, 104, '2024-10-08', 7, 1.50),
(997, 107, '2023-02-21', 5, 2.50),
(998, 110, '2023-07-20', 9, 1.50),
(999, 102, '2023-08-02', 2, 0.75),
(1000, 103, '2024-09-22', 5, 1.25);
